id	prompt
001	Merhaba.
002	Günaydın.
003	İyi günler.
004	İyi akşamlar.
005	Nasılsınız?
006	Ben iyiyim, teşekkürler.
007	Siz nasılsınız?
008	Hoş geldiniz.
009	Hoş bulduk.
010	Görüşmek üzere.
011	Teşekkür ederim.
012	Rica ederim.
013	Lütfen.
014	Evet, olur.
015	Hayır, teşekkürler.
016	Belki daha sonra.
017	Tamam, anladım.
018	Biraz daha yavaş konuşur musunuz?
019	Tekrar eder misiniz?
020	Yazabilir misiniz?
021	Anlamadım.
022	Şimdi anladım.
023	Bir dakika lütfen.
024	Acele etmiyorum.
025	Hazırım.
026	Başlayabiliriz.
027	Biraz bekleyebilir misiniz?
028	Yardım eder misiniz?
029	Size nasıl yardımcı olabilirim?
030	Bir konuda soru sorabilir miyim?
031	Buraya oturabilir miyim?
032	Boş yer var mı?
033	Burada bekliyorum.
034	Birazdan döneceğim.
035	Beraber gidelim mi?
036	Burada buluşalım.
037	Saat kaçta buluşalım?
038	Yarın görüşebilir miyiz?
039	Bugün müsait misiniz?
040	Saat üç bana uygun.
041	Bana yazar mısınız?
042	Lütfen mesaj gönderin.
043	Daha sonra konuşalım.
044	Ben şimdi cevap vereceğim.
045	Biraz düşünmem gerekiyor.
046	Bunu tekrar açıklar mısınız?
047	Ekranı bana gösterebilir misiniz?
048	Birlikte kontrol edelim.
049	Buraya kadar anladım.
050	Devam edebilirsiniz.
051	Bu durak doğru mu?
052	Otobüs durağı nerede?
053	Metro girişi nerede?
054	Buraya nasıl gidebilirim?
055	Yol tarif eder misiniz?
056	Bir sonraki durak hangisi?
057	Hangi yönde gitmeliyim?
058	Yolculuk ne kadar sürer?
059	Bilet nereden alabilirim?
060	Bu otobüs merkeze gider mi?
061	Burada ineceğim.
062	Lütfen durağı haber verin.
063	Bu sokak doğru mu?
064	Yakında bir kütüphane var mı?
065	Yakındaki market nerede?
066	Açılış saati nedir?
067	Bugün açık mısınız?
068	Saat kaçta kapanıyor?
069	Burada otopark var mı?
070	Giriş nerede?
071	Çıkış nerede?
072	Tuvalet nerede?
073	Danışma nerede?
074	Bir masa rica edebilir miyim?
075	Menüyü görebilir miyim?
076	Bir bardak su lütfen.
077	Çay alabilir miyim?
078	Kahve alabilir miyim?
079	Bunu alabilir miyim?
080	Bu ne kadar?
081	Kartla ödeyebilir miyim?
082	Hesabı getirebilir misiniz?
083	Paket olsun lütfen.
084	Burada yemek istiyorum.
085	Başka bir seçenek var mı?
086	Başka rengi var mı?
087	Daha küçük bedeni var mı?
088	Bunu deneyebilir miyim?
089	Bunu alıyorum.
090	Poşet alabilir miyim?
091	Fiş alabilir miyim?
092	Her şey yolunda.
093	Sorun yok.
094	Biraz serin oldu.
095	Biraz sıcak oldu.
096	Sesi biraz kısar mısınız?
097	Işığı açabilir misiniz?
098	Pencereyi kapatabilir misiniz?
099	Bir bardak daha su alabilir miyim?
100	Çok yardımcı oldunuz, teşekkürler.
